source_review_id,property_id,review_title,review_text,rating,published_at,language,source,is_synthetic
SYNTH-chateau-de-venus-00229,chateau-de-venus,Great stay,Good wifi and a nice rooftop area. Fresh sheets and a really clean shower. Walking distance to restaurants and the harbour.,,,en,synthetic,true
SYNTH-venus-surry-hills-00254,venus-surry-hills,Poor experience,"Stayed one night before a flight. Thin walls, we could hear the neighbours all night. The carpet was filthy and the room smelled of mould.",5.0,,en,synthetic,true
SYNTH-olympic-paddington-00008,olympic-paddington,Would stay again,"Booked for a weekend in the city. The room was modern and well maintained. Lovely front desk team, very welcoming. Check-in was quick and easy.",8.5,2026-08-17T01:55:43+10:00,en,synthetic,true
SYNTH-chateau-de-venus-00036,chateau-de-venus,Would stay again,Check-in was quick and easy. The room was spotless and the bathroom was very clean.,4.0,2026-08-17T03:15:23+10:00,en,synthetic,true
SYNTH-olympic-paddington-00002,olympic-paddington,Not as expected,"The wifi kept dropping and the lift was out of order. Very peaceful at night despite the central location. The room was tired and outdated, with a broken lamp.",3.0,2026-08-17T04:27:28+10:00,en,synthetic,true
SYNTH-chateau-de-venus-00039,chateau-de-venus,Would stay again,The room was modern and well maintained.,8.5,2026-08-17T11:35:05+10:00,en,synthetic,true
SYNTH-chateau-de-venus-00038,chateau-de-venus,Lovely hotel,Fresh sheets and a really clean shower.,8.0,2026-08-17T12:46:02+10:00,en,synthetic,true
SYNTH-olympic-paddington-00010,olympic-paddington,Very comfortable,Good value for money for Sydney.,9.0,2026-08-17T13:13:52+10:00,en,synthetic,true
SYNTH-venus-potts-point-sydney-00013,venus-potts-point-sydney,,"We stayed two nights for a work trip. The room was quiet and we slept well. Peeling paint, a leaking tap and a worn out mattress.",7.0,2026-08-17T16:17:03+10:00,en,synthetic,true
SYNTH-olympic-paddington-00001,olympic-paddington,,Early check-in was arranged without fuss.,,2026-08-17T18:42:13+10:00,en,synthetic,true
SYNTH-chateau-de-venus-00031,chateau-de-venus,Lovely hotel,Reasonable price for what you get. The kitchen and laundry facilities were handy. Convenient location near shops and public transport.,9.0,2026-08-17T22:24:03+10:00,en,synthetic,true
SYNTH-olympic-paddington-00007,olympic-paddington,Lovely hotel,Stayed one night before a flight. Comfortable bed and a recently renovated room.,9.0,2026-08-17T23:14:23+10:00,en,synthetic,true
SYNTH-venus-surry-hills-00023,venus-surry-hills,Great stay,Booked for a weekend in the city. Reasonable price for what you get.,9.5,2026-08-18T03:18:01+10:00,en,synthetic,true
SYNTH-chateau-de-venus-00030,chateau-de-venus,Would stay again,"The room was quiet and we slept well. Smooth check in, keys were ready when we arrived.",9.5,2026-08-18T08:39:54+10:00,en,synthetic,true
SYNTH-venus-surry-hills-00020,venus-surry-hills,Would stay again,The kitchen and laundry facilities were handy. The receptionist was friendly and helpful.,9.5,2026-08-18T10:12:15+10:00,en,synthetic,true
SYNTH-venus-potts-point-sydney-00015,venus-potts-point-sydney,,"Came for a concert nearby. Smooth check in, keys were ready when we arrived.",7.0,2026-08-18T11:54:34+10:00,en,synthetic,true
SYNTH-venus-potts-point-sydney-00012,venus-potts-point-sydney,Very comfortable,The room was spotless and the bathroom was very clean. Early check-in was arranged without fuss.,10.0,2026-08-18T14:27:43+10:00,en,synthetic,true
SYNTH-venus-surry-hills-00019,venus-surry-hills,Not as expected,"Thin walls, we could hear the neighbours all night. Good value for money for Sydney. The room was spotless and the bathroom was very clean.",5.0,2026-08-19T14:04:49+10:00,en,synthetic,true
SYNTH-olympic-paddington-00004,olympic-paddington,Would stay again,"Early check-in was arranged without fuss. Lovely front desk team, very welcoming.",9.0,2026-08-19T15:51:40+10:00,en,synthetic,true
SYNTH-chateau-de-venus-00033,chateau-de-venus,Very comfortable,We stayed two nights for a work trip. Fresh sheets and a really clean shower. Comfortable bed and a recently renovated room.,10.0,2026-08-19T20:28:36+10:00,en,synthetic,true
SYNTH-venus-potts-point-sydney-00014,venus-potts-point-sydney,,The room was quiet and we slept well.,10.0,2026-08-20T05:43:17+10:00,en,synthetic,true
SYNTH-venus-surry-hills-00024,venus-surry-hills,Not as expected,Check-in took over 40 minutes because of a long queue. The area felt unsafe at night.,3.0,2026-08-20T07:04:33+10:00,en,synthetic,true
SYNTH-venus-potts-point-sydney-00017,venus-potts-point-sydney,,The gym and lift worked well.,8.5,2026-08-20T23:42:19+10:00,en,synthetic,true
SYNTH-venus-surry-hills-00026,venus-surry-hills,Would stay again,Came for a concert nearby. Good value for money for Sydney. Early check-in was arranged without fuss.,9.0,2026-08-21T05:50:35+10:00,en,synthetic,true
SYNTH-chateau-de-venus-00032,chateau-de-venus,Average,Booked for a weekend in the city. Walking distance to restaurants and the harbour.,5.5,2026-08-21T09:17:37+10:00,en,synthetic,true
SYNTH-chateau-de-venus-00029,chateau-de-venus,Fine for a night,"Zimmer war sauber, aber sehr laut in der Nacht.",7.5,2026-08-21T10:20:02+10:00,de,synthetic,true
SYNTH-venus-surry-hills-00018,venus-surry-hills,Lovely hotel,Fresh sheets and a really clean shower.,8.0,2026-08-21T12:26:38+10:00,en,synthetic,true
SYNTH-chateau-de-venus-00035,chateau-de-venus,Poor experience,Came for a concert nearby. Our booking could not be found at check in. No parking available and the laundry machines were broken.,5.0,2026-08-21T15:23:02+10:00,en,synthetic,true
SYNTH-venus-surry-hills-00027,venus-surry-hills,Average,Convenient location near shops and public transport. Found dust under the bed and stained towels.,6.0,2026-08-21T15:35:30+10:00,en,synthetic,true
SYNTH-venus-surry-hills-00028,venus-surry-hills,Would stay again,Stayed one night before a flight. Good wifi and a nice rooftop area. Very peaceful at night despite the central location. Comfortable bed and a recently renovated room.,9.5,2026-08-21T17:47:21+10:00,en,synthetic,true
SYNTH-olympic-paddington-00006,olympic-paddington,Poor experience,No parking available and the laundry machines were broken. The room was tiny and the furniture was damaged.,3.0,2026-08-22T00:36:34+10:00,en,synthetic,true
SYNTH-olympic-paddington-00003,olympic-paddington,Great stay,"Housekeeping kept everything clean and tidy. Lovely front desk team, very welcoming.",8.0,2026-08-22T02:35:41+10:00,en,synthetic,true
SYNTH-venus-surry-hills-00021,venus-surry-hills,,The gym and lift worked well. The room was spotless and the bathroom was very clean.,9.5,2026-08-22T04:31:36+10:00,en,synthetic,true
SYNTH-olympic-paddington-00011,olympic-paddington,,"Came for a concert nearby. The room was quiet and we slept well. Great location, close to the train station and cafes.",8.5,2026-08-22T06:53:04+10:00,en,synthetic,true
SYNTH-chateau-de-venus-00034,chateau-de-venus,Great stay,Booked for a weekend in the city. Early check-in was arranged without fuss. Very peaceful at night despite the central location.,9.5,2026-08-22T14:22:40+10:00,en,synthetic,true
SYNTH-olympic-paddington-00005,olympic-paddington,Would stay again,"Great location, close to the train station and cafes.",8.0,2026-08-23T11:27:56+10:00,en,synthetic,true
SYNTH-venus-surry-hills-00022,venus-surry-hills,Would stay again,Stayed one night before a flight. Good value for money for Sydney.,9.0,2026-08-23T12:45:31+10:00,en,synthetic,true
SYNTH-chateau-de-venus-00037,chateau-de-venus,Very comfortable,The room was modern and well maintained. Check-in was quick and easy.,4.0,2026-08-23T15:13:23+10:00,en,synthetic,true
SYNTH-olympic-paddington-00009,olympic-paddington,,The kitchen and laundry facilities were handy.,10.0,2026-08-23T16:11:16+10:00,en,synthetic,true
SYNTH-venus-potts-point-sydney-00016,venus-potts-point-sydney,Would stay again,Fresh sheets and a really clean shower. The receptionist was friendly and helpful. The room was quiet and we slept well.,8.0,2026-08-23T18:44:35+10:00,en,synthetic,true
SYNTH-venus-surry-hills-00025,venus-surry-hills,Lovely hotel,The room was spotless and the bathroom was very clean.,4.0,2026-08-23T20:49:59+10:00,en,synthetic,true
SYNTH-venus-potts-point-sydney-00054,venus-potts-point-sydney,Great stay,We stayed two nights for a work trip. Convenient location near shops and public transport.,8.5,2026-08-24T04:51:00+10:00,en,synthetic,true
SYNTH-venus-surry-hills-00068,venus-surry-hills,Very comfortable,The room was spotless and the bathroom was very clean.,8.5,2026-08-24T06:15:05+10:00,en,synthetic,true
SYNTH-venus-potts-point-sydney-00057,venus-potts-point-sydney,Great stay,The room was quiet and we slept well. Walking distance to restaurants and the harbour.,8.5,2026-08-24T07:19:57+10:00,en,synthetic,true
SYNTH-venus-surry-hills-00060,venus-surry-hills,,The room was quiet and we slept well.,9.5,2026-08-24T16:32:18+10:00,en,synthetic,true
SYNTH-chateau-de-venus-00074,chateau-de-venus,Would stay again,"Good wifi and a nice rooftop area. Lovely front desk team, very welcoming. Reasonable price for what you get.",9.5,2026-08-24T21:12:00+10:00,en,synthetic,true
SYNTH-olympic-paddington-00045,olympic-paddington,Great stay,Housekeeping kept everything clean and tidy. The receptionist was friendly and helpful.,8.5,2026-08-24T21:12:53+10:00,en,synthetic,true
SYNTH-venus-surry-hills-00067,venus-surry-hills,,Booked for a weekend in the city. Fresh sheets and a really clean shower. Check-in took over 40 minutes because of a long queue.,7.0,2026-08-25T20:02:35+10:00,en,synthetic,true
SYNTH-olympic-paddington-00040,olympic-paddington,Great stay,Stayed one night before a flight. The room was modern and well maintained. Very peaceful at night despite the central location. Good wifi and a nice rooftop area.,9.0,2026-08-25T21:22:25+10:00,en,synthetic,true
SYNTH-venus-potts-point-sydney-00052,venus-potts-point-sydney,Disappointing,Our booking could not be found at check in.,,2026-08-26T05:56:16+10:00,en,synthetic,true
SYNTH-olympic-paddington-00043,olympic-paddington,Lovely hotel,"We stayed two nights for a work trip. Lovely front desk team, very welcoming. Fresh sheets and a really clean shower.",9.5,2026-08-26T11:06:15+10:00,en,synthetic,true
SYNTH-venus-surry-hills-00070,venus-surry-hills,Okay stay,Reasonable price for what you get.,6.0,2026-08-26T12:15:25+10:00,en,synthetic,true
SYNTH-chateau-de-venus-00075,chateau-de-venus,,Very peaceful at night despite the central location. Housekeeping kept everything clean and tidy.,9.5,2026-08-26T21:31:14+10:00,en,synthetic,true
SYNTH-olympic-paddington-00048,olympic-paddington,Would not return,"Peeling paint, a leaking tap and a worn out mattress. The gym and lift worked well.",5.0,2026-08-27T06:56:43+10:00,en,synthetic,true
SYNTH-venus-surry-hills-00063,venus-surry-hills,Would not return,Came for a concert nearby. Staff were unhelpful when we reported a problem. Late check-in instructions were confusing and the key code did not work. The room was quiet and we slept well.,4.5,2026-08-27T09:10:44+10:00,en,synthetic,true
SYNTH-olympic-paddington-00041,olympic-paddington,Average,Staff went out of their way to help us. Overpriced for what you get.,6.0,2026-08-27T09:54:30+10:00,en,synthetic,true
SYNTH-olympic-paddington-00042,olympic-paddington,Very comfortable,The receptionist was friendly and helpful.,9.0,2026-08-27T10:27:28+10:00,en,synthetic,true
SYNTH-olympic-paddington-00050,olympic-paddington,Disappointing,The room was tiny and the furniture was damaged.,2.5,2026-08-27T10:57:27+10:00,en,synthetic,true
SYNTH-olympic-paddington-00044,olympic-paddington,Disappointing,"Booked for a weekend in the city. The room was tired and outdated, with a broken lamp.",,2026-08-27T16:08:20+10:00,en,synthetic,true
SYNTH-venus-potts-point-sydney-00058,venus-potts-point-sydney,Fine for a night,The room was quiet and we slept well.,7.0,2026-08-27T16:21:35+10:00,en,synthetic,true
SYNTH-venus-potts-point-sydney-00051,venus-potts-point-sydney,Great stay,Very peaceful at night despite the central location.,9.0,2026-08-28T00:48:34+10:00,en,synthetic,true
SYNTH-chateau-de-venus-00077,chateau-de-venus,Disappointing,Staff were unhelpful when we reported a problem. Our booking could not be found at check in.,5.0,2026-08-28T01:05:25+10:00,en,synthetic,true
SYNTH-chateau-de-venus-00072,chateau-de-venus,Disappointing,"The carpet was filthy and the room smelled of mould. Peeling paint, a leaking tap and a worn out mattress.",4.0,2026-08-28T02:55:38+10:00,en,synthetic,true
SYNTH-olympic-paddington-00046,olympic-paddington,Would not return,"The room was tired and outdated, with a broken lamp.",2.5,2026-08-28T09:44:48+10:00,en,synthetic,true
SYNTH-venus-surry-hills-00064,venus-surry-hills,,Convenient location near shops and public transport.,4.0,2026-08-28T10:57:06+10:00,en,synthetic,true
SYNTH-chateau-de-venus-00073,chateau-de-venus,Okay stay,Housekeeping kept everything clean and tidy.,5.5,2026-08-28T14:41:44+10:00,en,synthetic,true
SYNTH-venus-potts-point-sydney-00056,venus-potts-point-sydney,,The gym and lift worked well. Staff went out of their way to help us.,8.5,2026-08-28T14:52:12+10:00,en,synthetic,true
SYNTH-venus-surry-hills-00059,venus-surry-hills,Would stay again,Convenient location near shops and public transport. Good value for money for Sydney.,8.5,2026-08-28T17:17:31+10:00,en,synthetic,true
SYNTH-venus-surry-hills-00061,venus-surry-hills,Not as expected,The carpet was filthy and the room smelled of mould.,3.5,2026-08-28T18:32:32+10:00,en,synthetic,true
SYNTH-chateau-de-venus-00076,chateau-de-venus,Lovely hotel,Housekeeping kept everything clean and tidy. Reasonable price for what you get. The gym and lift worked well.,,2026-08-29T04:07:03+10:00,en,synthetic,true
SYNTH-venus-surry-hills-00065,venus-surry-hills,Poor experience,Location was further from the station than expected.,5.0,2026-08-29T05:34:36+10:00,en,synthetic,true
SYNTH-chateau-de-venus-00071,chateau-de-venus,Disappointing,We stayed two nights for a work trip. Staff were unhelpful when we reported a problem. Good value for money for Sydney. The gym and lift worked well.,,2026-08-29T12:12:44+10:00,en,synthetic,true
SYNTH-olympic-paddington-00049,olympic-paddington,Poor experience,The room was tiny and the furniture was damaged.,3.5,2026-08-29T18:52:26+10:00,en,synthetic,true
SYNTH-venus-surry-hills-00066,venus-surry-hills,Very comfortable,Reasonable price for what you get. Early check-in was arranged without fuss.,4.0,2026-08-30T02:13:36+10:00,en,synthetic,true
SYNTH-venus-surry-hills-00069,venus-surry-hills,Lovely hotel,Booked for a weekend in the city. The kitchen and laundry facilities were handy. Reasonable price for what you get.,8.5,2026-08-30T04:44:58+10:00,en,synthetic,true
SYNTH-venus-surry-hills-00062,venus-surry-hills,,Walking distance to restaurants and the harbour. Early check-in was arranged without fuss.,10.0,2026-08-30T07:00:59+10:00,en,synthetic,true
SYNTH-olympic-paddington-00047,olympic-paddington,Disappointing,Overpriced for what you get. The room was quiet and we slept well. Walking distance to restaurants and the harbour.,2.5,2026-08-30T08:37:43+10:00,en,synthetic,true
SYNTH-venus-potts-point-sydney-00055,venus-potts-point-sydney,Not as expected,Stayed one night before a flight. The receptionist was rude and dismissive. Found dust under the bed and stained towels.,,2026-08-30T12:41:08+10:00,en,synthetic,true
SYNTH-venus-potts-point-sydney-00053,venus-potts-point-sydney,Fine for a night,Booked for a weekend in the city. Comfortable bed and a recently renovated room. The carpet was filthy and the room smelled of mould. Very peaceful at night despite the central location.,6.0,2026-08-30T18:59:27+10:00,en,synthetic,true
SYNTH-venus-surry-hills-00096,venus-surry-hills,,"Our booking could not be found at check in. Not worth the money, far too expensive.",2.5,2026-08-31T00:52:55+10:00,en,synthetic,true
SYNTH-olympic-paddington-00082,olympic-paddington,,The room was tiny and the furniture was damaged.,4.0,2026-08-31T07:06:24+10:00,en,synthetic,true
SYNTH-chateau-de-venus-00107,chateau-de-venus,Lovely hotel,Staff went out of their way to help us.,9.0,2026-08-31T23:19:52+10:00,en,synthetic,true
SYNTH-olympic-paddington-00079,olympic-paddington,Fine for a night,We stayed two nights for a work trip. The room was modern and well maintained. The wifi kept dropping and the lift was out of order.,5.5,2026-09-01T02:26:41+10:00,en,synthetic,true
SYNTH-olympic-paddington-00078,olympic-paddington,Would not return,Stayed one night before a flight. The room was tiny and the furniture was damaged. The room was quiet and we slept well.,9.0,2026-09-01T20:55:52+10:00,en,synthetic,true
SYNTH-venus-potts-point-sydney-00094,venus-potts-point-sydney,,Stayed one night before a flight. Comfortable bed and a recently renovated room.,10.0,2026-09-01T21:49:44+10:00,en,synthetic,true
SYNTH-olympic-paddington-00080,olympic-paddington,,"Came for a concert nearby. Lovely front desk team, very welcoming.",8.0,2026-09-01T21:53:31+10:00,en,synthetic,true
SYNTH-venus-surry-hills-00102,venus-surry-hills,,"Early check-in was arranged without fuss. Thin walls, we could hear the neighbours all night.",6.5,2026-09-02T01:40:03+10:00,en,synthetic,true
SYNTH-chateau-de-venus-00113,chateau-de-venus,Lovely hotel,We stayed two nights for a work trip. Reasonable price for what you get. Check-in was quick and easy.,8.5,2026-09-02T04:30:49+10:00,en,synthetic,true
SYNTH-venus-potts-point-sydney-00090,venus-potts-point-sydney,Okay stay,Came for a concert nearby. Good value for money for Sydney.,6.0,2026-09-02T12:47:13+10:00,en,synthetic,true
SYNTH-venus-surry-hills-00103,venus-surry-hills,Great stay,Came for a concert nearby. Good value for money for Sydney.,8.5,2026-09-02T13:02:10+10:00,en,synthetic,true
SYNTH-olympic-paddington-00088,olympic-paddington,Would stay again,Very peaceful at night despite the central location. The receptionist was friendly and helpful.,9.0,2026-09-02T13:08:05+10:00,en,synthetic,true
SYNTH-venus-potts-point-sydney-00095,venus-potts-point-sydney,Would not return,The area felt unsafe at night.,3.0,2026-09-02T14:59:07+10:00,en,synthetic,true
SYNTH-chateau-de-venus-00115,chateau-de-venus,Great stay,"We stayed two nights for a work trip. Smooth check in, keys were ready when we arrived.",10.0,2026-09-02T18:03:52+10:00,en,synthetic,true
SYNTH-chateau-de-venus-00114,chateau-de-venus,Lovely hotel,Comfortable bed and a recently renovated room.,8.5,2026-09-02T22:14:47+10:00,en,synthetic,true
SYNTH-venus-potts-point-sydney-00093,venus-potts-point-sydney,Disappointing,Booked for a weekend in the city. The area felt unsafe at night.,5.0,2026-09-02T22:20:06+10:00,en,synthetic,true
SYNTH-olympic-paddington-00083,olympic-paddington,,Came for a concert nearby. Fresh sheets and a really clean shower. The room was modern and well maintained.,8.5,2026-09-03T05:17:46+10:00,en,synthetic,true
SYNTH-olympic-paddington-00086,olympic-paddington,Disappointing,"The room was tired and outdated, with a broken lamp. Early check-in was arranged without fuss.",4.0,2026-09-03T05:34:21+10:00,en,synthetic,true
SYNTH-chateau-de-venus-00108,chateau-de-venus,Would stay again,The room was modern and well maintained. Housekeeping kept everything clean and tidy.,9.0,2026-09-03T08:24:56+10:00,en,synthetic,true
SYNTH-olympic-paddington-00085,olympic-paddington,Great stay,Very peaceful at night despite the central location. Reasonable price for what you get. The kitchen and laundry facilities were handy.,9.0,2026-09-03T11:00:41+10:00,en,synthetic,true
SYNTH-venus-surry-hills-00097,venus-surry-hills,Great stay,Booked for a weekend in the city. The kitchen and laundry facilities were handy. Convenient location near shops and public transport. Staff went out of their way to help us.,9.5,2026-09-03T11:58:16+10:00,en,synthetic,true
SYNTH-chateau-de-venus-00109,chateau-de-venus,Lovely hotel,Stayed one night before a flight. Good wifi and a nice rooftop area.,8.5,2026-09-03T12:28:52+10:00,en,synthetic,true
SYNTH-olympic-paddington-00084,olympic-paddington,,Very noisy at night with traffic and music from the street. Overpriced for what you get.,2.5,2026-09-03T17:08:29+10:00,en,synthetic,true
SYNTH-venus-surry-hills-00105,venus-surry-hills,Poor experience,"Loud construction noise started at 7am. Smooth check in, keys were ready when we arrived.",2.5,2026-09-03T22:21:39+10:00,en,synthetic,true
SYNTH-chateau-de-venus-00117,chateau-de-venus,Poor experience,No parking available and the laundry machines were broken.,3.5,2026-09-04T06:39:18+10:00,en,synthetic,true
SYNTH-chateau-de-venus-00110,chateau-de-venus,Lovely hotel,"Great location, close to the train station and cafes.",8.5,2026-09-04T10:41:22+10:00,en,synthetic,true
SYNTH-venus-surry-hills-00098,venus-surry-hills,Great stay,"Stayed one night before a flight. Convenient location near shops and public transport. Lovely front desk team, very welcoming.",9.5,2026-09-04T10:47:33+10:00,en,synthetic,true
SYNTH-chateau-de-venus-00112,chateau-de-venus,,Comfortable bed and a recently renovated room.,7.0,2026-09-04T11:50:25+10:00,en,synthetic,true
SYNTH-venus-surry-hills-00099,venus-surry-hills,Lovely hotel,Stayed one night before a flight. Good value for money for Sydney. Very peaceful at night despite the central location.,8.5,2026-09-04T11:59:22+10:00,en,synthetic,true
SYNTH-olympic-paddington-00087,olympic-paddington,Fine for a night,Good wifi and a nice rooftop area. Overpriced for what you get.,6.0,2026-09-04T13:30:31+10:00,en,synthetic,true
SYNTH-venus-potts-point-sydney-00092,venus-potts-point-sydney,Lovely hotel,Staff went out of their way to help us. Walking distance to restaurants and the harbour. The room was quiet and we slept well.,10.0,2026-09-05T00:53:25+10:00,en,synthetic,true
SYNTH-venus-potts-point-sydney-00091,venus-potts-point-sydney,,Good value for money for Sydney. The kitchen and laundry facilities were handy.,9.5,2026-09-05T04:05:31+10:00,en,synthetic,true
SYNTH-olympic-paddington-00081,olympic-paddington,,The receptionist was friendly and helpful. The room was spotless and the bathroom was very clean.,9.5,2026-09-05T08:54:52+10:00,en,synthetic,true
SYNTH-chateau-de-venus-00111,chateau-de-venus,Poor experience,"Not worth the money, far too expensive.",4.5,2026-09-05T18:38:22+10:00,en,synthetic,true
SYNTH-chateau-de-venus-00116,chateau-de-venus,Lovely hotel,The receptionist was friendly and helpful. Very peaceful at night despite the central location.,8.0,2026-09-06T04:15:09+10:00,en,synthetic,true
SYNTH-venus-potts-point-sydney-00089,venus-potts-point-sydney,Disappointing,Came for a concert nearby. The carpet was filthy and the room smelled of mould. The kitchen and laundry facilities were handy.,5.0,2026-09-06T10:00:48+10:00,en,synthetic,true
SYNTH-venus-surry-hills-00104,venus-surry-hills,Average,Good wifi and a nice rooftop area.,,2026-09-06T15:24:08+10:00,en,synthetic,true
SYNTH-venus-surry-hills-00101,venus-surry-hills,,"We stayed two nights for a work trip. Lovely front desk team, very welcoming. Comfortable bed and a recently renovated room.",9.0,2026-09-06T19:35:08+10:00,en,synthetic,true
SYNTH-chateau-de-venus-00106,chateau-de-venus,,Booked for a weekend in the city. The kitchen and laundry facilities were handy.,10.0,2026-09-06T21:44:40+10:00,en,synthetic,true
SYNTH-venus-surry-hills-00100,venus-surry-hills,Very comfortable,We stayed two nights for a work trip. Fresh sheets and a really clean shower. Walking distance to restaurants and the harbour.,9.5,2026-09-06T22:10:21+10:00,en,synthetic,true
SYNTH-olympic-paddington-00121,olympic-paddington,Not as expected,No parking available and the laundry machines were broken.,3.0,2026-09-07T10:27:47+10:00,en,synthetic,true
SYNTH-chateau-de-venus-00147,chateau-de-venus,Poor experience,"Thin walls, we could hear the neighbours all night.",3.0,2026-09-07T17:58:43+10:00,en,synthetic,true
SYNTH-olympic-paddington-00120,olympic-paddington,Very comfortable,The room was modern and well maintained. The room was quiet and we slept well. Check-in was quick and easy.,9.0,2026-09-08T04:38:45+10:00,en,synthetic,true
SYNTH-venus-surry-hills-00135,venus-surry-hills,,"Smooth check in, keys were ready when we arrived. Reasonable price for what you get. Comfortable bed and a recently renovated room.",9.5,2026-09-08T05:59:00+10:00,en,synthetic,true
SYNTH-venus-potts-point-sydney-00128,venus-potts-point-sydney,,The air conditioning did not work.,4.5,2026-09-08T08:23:32+10:00,en,synthetic,true
SYNTH-venus-surry-hills-00137,venus-surry-hills,,The bathroom was dirty and there was hair in the shower.,4.5,2026-09-08T15:22:08+10:00,en,synthetic,true
SYNTH-venus-potts-point-sydney-00130,venus-potts-point-sydney,Mixed experience,Booked for a weekend in the city. The room was spotless and the bathroom was very clean.,6.5,2026-09-08T19:56:27+10:00,en,synthetic,true
SYNTH-venus-potts-point-sydney-00126,venus-potts-point-sydney,Poor experience,We stayed two nights for a work trip. Very noisy at night with traffic and music from the street.,,2026-09-08T23:56:59+10:00,en,synthetic,true
SYNTH-chateau-de-venus-00142,chateau-de-venus,Average,Came for a concert nearby. Good wifi and a nice rooftop area. The receptionist was rude and dismissive.,7.0,2026-09-09T06:01:52+10:00,en,synthetic,true
SYNTH-venus-potts-point-sydney-00125,venus-potts-point-sydney,Average,The room was spotless and the bathroom was very clean.,7.5,2026-09-09T07:29:21+10:00,en,synthetic,true
SYNTH-chateau-de-venus-00141,chateau-de-venus,Would stay again,We stayed two nights for a work trip. Early check-in was arranged without fuss.,9.0,2026-09-09T07:56:16+10:00,en,synthetic,true
SYNTH-venus-surry-hills-00139,venus-surry-hills,Would not return,Stayed one night before a flight. Our booking could not be found at check in. The room was quiet and we slept well.,5.0,2026-09-09T21:56:33+10:00,en,synthetic,true
SYNTH-venus-surry-hills-00134,venus-surry-hills,Would stay again,Reasonable price for what you get. Housekeeping kept everything clean and tidy. Very peaceful at night despite the central location.,10.0,2026-09-09T23:10:52+10:00,en,synthetic,true
SYNTH-venus-potts-point-sydney-00133,venus-potts-point-sydney,Great stay,Came for a concert nearby. Very peaceful at night despite the central location. Good value for money for Sydney. Fresh sheets and a really clean shower.,9.5,2026-09-10T02:13:45+10:00,en,synthetic,true
SYNTH-chateau-de-venus-00144,chateau-de-venus,,"Lovely front desk team, very welcoming. Comfortable bed and a recently renovated room.",9.5,2026-09-10T20:30:28+10:00,en,synthetic,true
SYNTH-chateau-de-venus-00143,chateau-de-venus,Fine for a night,Fresh sheets and a really clean shower.,6.5,2026-09-10T22:30:14+10:00,en,synthetic,true
SYNTH-chateau-de-venus-00140,chateau-de-venus,Would stay again,Booked for a weekend in the city. Housekeeping kept everything clean and tidy. Convenient location near shops and public transport.,8.0,2026-09-11T12:38:47+10:00,en,synthetic,true
SYNTH-chateau-de-venus-00146,chateau-de-venus,Very comfortable,Buena ubicación pero el baño estaba sucio.,,2026-09-11T16:00:53+10:00,es,synthetic,true
SYNTH-olympic-paddington-00118,olympic-paddington,Very comfortable,"The room was quiet and we slept well. Good wifi and a nice rooftop area. Lovely front desk team, very welcoming.",8.5,2026-09-11T23:53:00+10:00,en,synthetic,true
SYNTH-venus-potts-point-sydney-00127,venus-potts-point-sydney,Would stay again,Good value for money for Sydney. Housekeeping kept everything clean and tidy.,10.0,2026-09-12T05:49:57+10:00,en,synthetic,true
SYNTH-venus-surry-hills-00136,venus-surry-hills,Would not return,Very noisy at night with traffic and music from the street. Overpriced for what you get.,3.5,2026-09-12T08:36:08+10:00,en,synthetic,true
SYNTH-olympic-paddington-00123,olympic-paddington,Not as expected,Location was further from the station than expected.,5.5,2026-09-12T13:37:41+10:00,en,synthetic,true
SYNTH-olympic-paddington-00119,olympic-paddington,Average,Good value for money for Sydney.,6.0,2026-09-12T17:02:44+10:00,en,synthetic,true
SYNTH-venus-potts-point-sydney-00132,venus-potts-point-sydney,,The room was modern and well maintained. Fresh sheets and a really clean shower. The room was quiet and we slept well.,9.0,2026-09-12T18:42:05+10:00,en,synthetic,true
SYNTH-olympic-paddington-00122,olympic-paddington,Very comfortable,"Booked for a weekend in the city. The kitchen and laundry facilities were handy. Smooth check in, keys were ready when we arrived.",9.5,2026-09-13T01:45:57+10:00,en,synthetic,true
SYNTH-venus-potts-point-sydney-00129,venus-potts-point-sydney,Lovely hotel,"Personnel très aimable, chambre un peu petite.",8.5,2026-09-13T06:42:11+10:00,fr,synthetic,true
SYNTH-olympic-paddington-00124,olympic-paddington,Would stay again,Booked for a weekend in the city. Check-in was quick and easy. The room was modern and well maintained.,9.0,2026-09-13T11:14:01+10:00,en,synthetic,true
SYNTH-venus-potts-point-sydney-00131,venus-potts-point-sydney,Fine for a night,"Stayed one night before a flight. Smooth check in, keys were ready when we arrived.",6.5,2026-09-13T14:01:36+10:00,en,synthetic,true
SYNTH-venus-surry-hills-00138,venus-surry-hills,Very comfortable,"Lovely front desk team, very welcoming. The room was spotless and the bathroom was very clean.",9.0,2026-09-13T21:35:48+10:00,en,synthetic,true
SYNTH-chateau-de-venus-00145,chateau-de-venus,Very comfortable,The room was spotless and the bathroom was very clean. Comfortable bed and a recently renovated room. Good value for money for Sydney.,,2026-09-13T22:22:27+10:00,en,synthetic,true
SYNTH-olympic-paddington-00156,olympic-paddington,Mixed experience,"Very peaceful at night despite the central location. Peeling paint, a leaking tap and a worn out mattress. Convenient location near shops and public transport.",6.0,2026-09-14T01:08:12+10:00,en,synthetic,true
SYNTH-venus-potts-point-sydney-00162,venus-potts-point-sydney,Would stay again,"Booked for a weekend in the city. Lovely front desk team, very welcoming. The room was modern and well maintained.",8.5,2026-09-14T16:24:02+10:00,en,synthetic,true
SYNTH-chateau-de-venus-00186,chateau-de-venus,Great stay,The room was spotless and the bathroom was very clean.,8.5,2026-09-14T19:22:33+10:00,en,synthetic,true
SYNTH-venus-surry-hills-00175,venus-surry-hills,,The room was modern and well maintained.,8.5,2026-09-14T22:09:41+10:00,en,synthetic,true
SYNTH-venus-surry-hills-00177,venus-surry-hills,Would not return,Booked for a weekend in the city. Found dust under the bed and stained towels. The area felt unsafe at night.,4.5,2026-09-14T22:12:19+10:00,en,synthetic,true
SYNTH-olympic-paddington-00154,olympic-paddington,Would not return,We stayed two nights for a work trip. The air conditioning did not work. Our booking could not be found at check in.,2.0,2026-09-14T22:15:40+10:00,en,synthetic,true
SYNTH-venus-potts-point-sydney-00167,venus-potts-point-sydney,,"Good wifi and a nice rooftop area. Thin walls, we could hear the neighbours all night. Great location, close to the train station and cafes.",5.5,2026-09-15T08:46:53+10:00,en,synthetic,true
SYNTH-venus-surry-hills-00170,venus-surry-hills,Not as expected,Loud construction noise started at 7am.,3.0,2026-09-15T10:42:43+10:00,en,synthetic,true
SYNTH-olympic-paddington-00148,olympic-paddington,Great stay,"Great location, close to the train station and cafes.",,2026-09-15T13:56:38+10:00,en,synthetic,true
SYNTH-chateau-de-venus-00180,chateau-de-venus,Very comfortable,The room was quiet and we slept well.,10.0,2026-09-15T16:12:33+10:00,en,synthetic,true
SYNTH-venus-surry-hills-00172,venus-surry-hills,Lovely hotel,Came for a concert nearby. Very peaceful at night despite the central location. Good wifi and a nice rooftop area.,9.5,2026-09-15T17:35:21+10:00,en,synthetic,true
SYNTH-venus-surry-hills-00169,venus-surry-hills,,The room was quiet and we slept well.,9.5,2026-09-15T20:09:10+10:00,en,synthetic,true
SYNTH-venus-surry-hills-00174,venus-surry-hills,,Comfortable bed and a recently renovated room. Good value for money for Sydney. The room was spotless and the bathroom was very clean.,8.5,2026-09-16T08:44:34+10:00,en,synthetic,true
SYNTH-olympic-paddington-00155,olympic-paddington,Would not return,"Booked for a weekend in the city. Thin walls, we could hear the neighbours all night. The receptionist was rude and dismissive.",5.5,2026-09-16T15:57:46+10:00,en,synthetic,true
SYNTH-venus-potts-point-sydney-00166,venus-potts-point-sydney,Not as expected,"The receptionist was rude and dismissive. Peeling paint, a leaking tap and a worn out mattress.",2.5,2026-09-16T22:15:51+10:00,en,synthetic,true
SYNTH-venus-potts-point-sydney-00163,venus-potts-point-sydney,Okay stay,Walking distance to restaurants and the harbour. Check-in took over 40 minutes because of a long queue.,7.5,2026-09-16T23:37:48+10:00,en,synthetic,true
SYNTH-venus-surry-hills-00173,venus-surry-hills,Very comfortable,"Housekeeping kept everything clean and tidy. Comfortable bed and a recently renovated room. Great location, close to the train station and cafes.",9.0,2026-09-17T04:23:19+10:00,en,synthetic,true
SYNTH-chateau-de-venus-00188,chateau-de-venus,Fine for a night,Stayed one night before a flight. Staff went out of their way to help us. The air conditioning did not work.,7.0,2026-09-17T06:08:08+10:00,en,synthetic,true
SYNTH-venus-potts-point-sydney-00159,venus-potts-point-sydney,Fine for a night,"Booked for a weekend in the city. Good value for money for Sydney. The room was tired and outdated, with a broken lamp. The room was quiet and we slept well.",,2026-09-17T08:30:41+10:00,en,synthetic,true
SYNTH-olympic-paddington-00157,olympic-paddington,Great stay,Came for a concert nearby. Staff went out of their way to help us.,9.0,2026-09-17T10:29:21+10:00,en,synthetic,true
SYNTH-venus-potts-point-sydney-00161,venus-potts-point-sydney,Would not return,We stayed two nights for a work trip. The receptionist was rude and dismissive.,4.5,2026-09-17T12:04:41+10:00,en,synthetic,true
SYNTH-olympic-paddington-00150,olympic-paddington,Would stay again,Stayed one night before a flight. Good value for money for Sydney.,9.5,2026-09-17T19:13:44+10:00,en,synthetic,true
SYNTH-venus-potts-point-sydney-00165,venus-potts-point-sydney,Lovely hotel,"Booked for a weekend in the city. Fresh sheets and a really clean shower. Lovely front desk team, very welcoming. The room was quiet and we slept well.",8.5,2026-09-18T04:17:27+10:00,en,synthetic,true
SYNTH-chateau-de-venus-00182,chateau-de-venus,Great stay,Stayed one night before a flight. The receptionist was friendly and helpful.,9.0,2026-09-18T11:36:36+10:00,en,synthetic,true
SYNTH-chateau-de-venus-00184,chateau-de-venus,Poor experience,"The wifi kept dropping and the lift was out of order. Not worth the money, far too expensive.",2.5,2026-09-18T21:51:06+10:00,en,synthetic,true
SYNTH-olympic-paddington-00158,olympic-paddington,Fine for a night,Comfortable bed and a recently renovated room. The carpet was filthy and the room smelled of mould.,7.0,2026-09-18T23:00:20+10:00,en,synthetic,true
SYNTH-chateau-de-venus-00185,chateau-de-venus,Great stay,The room was quiet and we slept well.,9.0,2026-09-18T23:40:13+10:00,en,synthetic,true
SYNTH-chateau-de-venus-00179,chateau-de-venus,Okay stay,Comfortable bed and a recently renovated room.,6.5,2026-09-19T01:09:29+10:00,en,synthetic,true
SYNTH-venus-surry-hills-00176,venus-surry-hills,Great stay,"Great location, close to the train station and cafes. Fresh sheets and a really clean shower.",4.0,2026-09-19T01:57:57+10:00,en,synthetic,true
SYNTH-chateau-de-venus-00187,chateau-de-venus,Great stay,We stayed two nights for a work trip. Early check-in was arranged without fuss. Reasonable price for what you get.,9.5,2026-09-19T04:25:54+10:00,en,synthetic,true
SYNTH-chateau-de-venus-00178,chateau-de-venus,,We stayed two nights for a work trip. Convenient location near shops and public transport. Comfortable bed and a recently renovated room. Housekeeping kept everything clean and tidy.,8.5,2026-09-19T05:42:32+10:00,en,synthetic,true
SYNTH-venus-potts-point-sydney-00164,venus-potts-point-sydney,Very comfortable,The gym and lift worked well.,8.5,2026-09-19T06:23:26+10:00,en,synthetic,true
SYNTH-chateau-de-venus-00181,chateau-de-venus,Very comfortable,Booked for a weekend in the city. The room was spotless and the bathroom was very clean.,8.0,2026-09-19T08:08:16+10:00,en,synthetic,true
SYNTH-venus-potts-point-sydney-00168,venus-potts-point-sydney,Would stay again,Booked for a weekend in the city. The gym and lift worked well. The room was spotless and the bathroom was very clean.,9.0,2026-09-19T11:09:51+10:00,en,synthetic,true
SYNTH-venus-potts-point-sydney-00160,venus-potts-point-sydney,Poor experience,The carpet was filthy and the room smelled of mould.,4.5,2026-09-19T13:46:00+10:00,en,synthetic,true
SYNTH-olympic-paddington-00153,olympic-paddington,Very comfortable,"Stayed one night before a flight. Lovely front desk team, very welcoming.",8.5,2026-09-19T14:04:23+10:00,en,synthetic,true
SYNTH-olympic-paddington-00149,olympic-paddington,Great stay,We stayed two nights for a work trip. The kitchen and laundry facilities were handy. The room was modern and well maintained.,9.5,2026-09-19T22:00:55+10:00,en,synthetic,true
SYNTH-olympic-paddington-00151,olympic-paddington,Great stay,"Lovely front desk team, very welcoming. The room was modern and well maintained. Early check-in was arranged without fuss.",8.5,2026-09-19T22:42:22+10:00,en,synthetic,true
SYNTH-venus-surry-hills-00171,venus-surry-hills,,Good value for money for Sydney.,9.5,2026-09-20T07:13:33+10:00,en,synthetic,true
SYNTH-chateau-de-venus-00183,chateau-de-venus,,Housekeeping kept everything clean and tidy.,5.5,2026-09-20T16:10:33+10:00,en,synthetic,true
SYNTH-olympic-paddington-00152,olympic-paddington,,Housekeeping kept everything clean and tidy. The receptionist was rude and dismissive.,7.5,2026-09-20T16:24:58+10:00,en,synthetic,true
SYNTH-olympic-paddington-00196,olympic-paddington,Great stay,Came for a concert nearby. The room was modern and well maintained. Very peaceful at night despite the central location.,8.5,2026-09-21T08:30:25+10:00,en,synthetic,true
SYNTH-chateau-de-venus-00221,chateau-de-venus,Very comfortable,Comfortable bed and a recently renovated room. The receptionist was friendly and helpful.,9.5,2026-09-21T10:43:28+10:00,en,synthetic,true
SYNTH-venus-potts-point-sydney-00208,venus-potts-point-sydney,Mixed experience,"Comfortable bed and a recently renovated room. Late check-in instructions were confusing and the key code did not work. Lovely front desk team, very welcoming.",4.0,2026-09-21T16:06:49+10:00,en,synthetic,true
SYNTH-venus-potts-point-sydney-00209,venus-potts-point-sydney,Very comfortable,Came for a concert nearby. The room was quiet and we slept well. Walking distance to restaurants and the harbour.,8.5,2026-09-21T19:24:19+10:00,en,synthetic,true
SYNTH-venus-surry-hills-00214,venus-surry-hills,Lovely hotel,Stayed one night before a flight. The room was spotless and the bathroom was very clean. Reasonable price for what you get.,4.0,2026-09-22T00:10:02+10:00,en,synthetic,true
SYNTH-chateau-de-venus-00225,chateau-de-venus,Would stay again,Very peaceful at night despite the central location. The kitchen and laundry facilities were handy.,9.5,2026-09-22T01:19:50+10:00,en,synthetic,true
SYNTH-chateau-de-venus-00224,chateau-de-venus,Mixed experience,The room was quiet and we slept well.,6.0,2026-09-22T19:46:26+10:00,en,synthetic,true
SYNTH-venus-surry-hills-00218,venus-surry-hills,Fine for a night,The room was modern and well maintained.,7.0,2026-09-22T23:53:29+10:00,en,synthetic,true
SYNTH-chateau-de-venus-00228,chateau-de-venus,,Good wifi and a nice rooftop area. Staff were unhelpful when we reported a problem. Reasonable price for what you get.,6.0,2026-09-23T02:05:52+10:00,en,synthetic,true
SYNTH-venus-potts-point-sydney-00211,venus-potts-point-sydney,Average,The gym and lift worked well.,6.5,2026-09-23T02:12:25+10:00,en,synthetic,true
SYNTH-olympic-paddington-00198,olympic-paddington,Would not return,Booked for a weekend in the city. Very noisy at night with traffic and music from the street.,3.5,2026-09-23T06:01:46+10:00,en,synthetic,true
SYNTH-venus-potts-point-sydney-00201,venus-potts-point-sydney,Lovely hotel,Buena ubicación pero el baño estaba sucio.,9.5,2026-09-23T07:43:52+10:00,es,synthetic,true
SYNTH-chateau-de-venus-00220,chateau-de-venus,Mixed experience,Buena ubicación pero el baño estaba sucio.,7.5,2026-09-23T10:34:59+10:00,es,synthetic,true
SYNTH-venus-potts-point-sydney-00207,venus-potts-point-sydney,Lovely hotel,"Good value for money for Sydney. Lovely front desk team, very welcoming. Walking distance to restaurants and the harbour.",8.0,2026-09-23T15:04:36+10:00,en,synthetic,true
SYNTH-chateau-de-venus-00226,chateau-de-venus,,We stayed two nights for a work trip. The area felt unsafe at night.,4.0,2026-09-24T03:56:41+10:00,en,synthetic,true
SYNTH-venus-potts-point-sydney-00206,venus-potts-point-sydney,,"The room was quiet and we slept well. The room was tired and outdated, with a broken lamp. Good wifi and a nice rooftop area.",7.0,2026-09-24T10:50:15+10:00,en,synthetic,true
SYNTH-chateau-de-venus-00223,chateau-de-venus,Very comfortable,Check-in was quick and easy. Fresh sheets and a really clean shower. Staff went out of their way to help us.,8.5,2026-09-24T13:13:44+10:00,en,synthetic,true
SYNTH-venus-potts-point-sydney-00210,venus-potts-point-sydney,Poor experience,Came for a concert nearby. The carpet was filthy and the room smelled of mould.,2.0,2026-09-24T22:47:36+10:00,en,synthetic,true
SYNTH-venus-potts-point-sydney-00204,venus-potts-point-sydney,Disappointing,"We stayed two nights for a work trip. Peeling paint, a leaking tap and a worn out mattress. Overpriced for what you get.",5.5,2026-09-24T23:20:13+10:00,en,synthetic,true
SYNTH-olympic-paddington-00195,olympic-paddington,,Good value for money for Sydney. Fresh sheets and a really clean shower.,8.5,2026-09-25T12:18:25+10:00,en,synthetic,true
SYNTH-olympic-paddington-00197,olympic-paddington,Very comfortable,The room was quiet and we slept well. Fresh sheets and a really clean shower. Convenient location near shops and public transport.,10.0,2026-09-25T12:44:33+10:00,en,synthetic,true
SYNTH-olympic-paddington-00199,olympic-paddington,,The room was tiny and the furniture was damaged.,5.0,2026-09-25T14:21:11+10:00,en,synthetic,true
SYNTH-chateau-de-venus-00219,chateau-de-venus,Lovely hotel,"Great location, close to the train station and cafes.",9.0,2026-09-25T18:36:34+10:00,en,synthetic,true
SYNTH-chateau-de-venus-00230,chateau-de-venus,Lovely hotel,"The room was spotless and the bathroom was very clean. Lovely front desk team, very welcoming.",8.0,2026-09-25T19:52:40+10:00,en,synthetic,true
SYNTH-venus-surry-hills-00217,venus-surry-hills,Not as expected,"Booked for a weekend in the city. Thin walls, we could hear the neighbours all night. The bathroom was dirty and there was hair in the shower.",3.5,2026-09-25T22:22:42+10:00,en,synthetic,true
SYNTH-chateau-de-venus-00222,chateau-de-venus,Very comfortable,"We stayed two nights for a work trip. Lovely front desk team, very welcoming. The room was quiet and we slept well.",9.5,2026-09-26T01:10:32+10:00,en,synthetic,true
SYNTH-venus-potts-point-sydney-00205,venus-potts-point-sydney,Poor experience,We stayed two nights for a work trip. Found dust under the bed and stained towels.,9.0,2026-09-26T02:31:12+10:00,en,synthetic,true
SYNTH-chateau-de-venus-00227,chateau-de-venus,,We stayed two nights for a work trip. The room was modern and well maintained. The kitchen and laundry facilities were handy.,8.5,2026-09-26T02:45:02+10:00,en,synthetic,true
SYNTH-venus-potts-point-sydney-00200,venus-potts-point-sydney,,Fresh sheets and a really clean shower. The area felt unsafe at night. Reasonable price for what you get.,,2026-09-26T04:00:05+10:00,en,synthetic,true
SYNTH-venus-surry-hills-00212,venus-surry-hills,Not as expected,Stayed one night before a flight. The carpet was filthy and the room smelled of mould. Loud construction noise started at 7am.,2.0,2026-09-26T15:49:17+10:00,en,synthetic,true
SYNTH-venus-surry-hills-00216,venus-surry-hills,Great stay,"Zimmer war sauber, aber sehr laut in der Nacht.",,2026-09-26T18:25:36+10:00,de,synthetic,true
SYNTH-olympic-paddington-00191,olympic-paddington,Average,The room was quiet and we slept well. Location was further from the station than expected.,6.5,2026-09-26T22:02:40+10:00,en,synthetic,true
SYNTH-olympic-paddington-00190,olympic-paddington,,"Smooth check in, keys were ready when we arrived.",8.0,2026-09-26T22:37:58+10:00,en,synthetic,true
SYNTH-olympic-paddington-00193,olympic-paddington,Not as expected,"Peeling paint, a leaking tap and a worn out mattress. The carpet was filthy and the room smelled of mould.",3.0,2026-09-26T23:13:01+10:00,en,synthetic,true
SYNTH-venus-surry-hills-00215,venus-surry-hills,,"Smooth check in, keys were ready when we arrived.",8.5,2026-09-27T00:11:00+10:00,en,synthetic,true
SYNTH-venus-potts-point-sydney-00203,venus-potts-point-sydney,Very comfortable,Booked for a weekend in the city. Early check-in was arranged without fuss. The gym and lift worked well.,4.0,2026-09-27T05:27:10+10:00,en,synthetic,true
SYNTH-olympic-paddington-00189,olympic-paddington,,Check-in was quick and easy.,8.5,2026-09-27T07:16:28+10:00,en,synthetic,true
SYNTH-venus-surry-hills-00213,venus-surry-hills,,We stayed two nights for a work trip. Very noisy at night with traffic and music from the street. The wifi kept dropping and the lift was out of order. Fresh sheets and a really clean shower.,5.0,2026-09-27T10:04:59+10:00,en,synthetic,true
SYNTH-olympic-paddington-00192,olympic-paddington,Average,We stayed two nights for a work trip. The receptionist was friendly and helpful. The bathroom was dirty and there was hair in the shower.,6.5,2026-09-27T11:34:30+10:00,en,synthetic,true
SYNTH-venus-potts-point-sydney-00202,venus-potts-point-sydney,Average,"Stayed one night before a flight. Lovely front desk team, very welcoming.",7.0,2026-09-27T14:14:35+10:00,en,synthetic,true
SYNTH-olympic-paddington-00194,olympic-paddington,Very comfortable,"Great location, close to the train station and cafes. Check-in was quick and easy. The room was quiet and we slept well.",9.5,2026-09-27T15:57:08+10:00,en,synthetic,true
SYNTH-chateau-de-venus-00267,chateau-de-venus,Would stay again,"Reasonable price for what you get. Smooth check in, keys were ready when we arrived.",9.5,2026-09-28T03:07:41+10:00,en,synthetic,true
SYNTH-chateau-de-venus-00258,chateau-de-venus,,We stayed two nights for a work trip. The wifi kept dropping and the lift was out of order. Our booking could not be found at check in. Location was further from the station than expected.,2.5,2026-09-28T11:19:00+10:00,en,synthetic,true
SYNTH-venus-surry-hills-00256,venus-surry-hills,Disappointing,Late check-in instructions were confusing and the key code did not work. The room was quiet and we slept well. The room was tiny and the furniture was damaged.,2.0,2026-09-28T22:54:43+10:00,en,synthetic,true
SYNTH-chateau-de-venus-00260,chateau-de-venus,Great stay,Convenient location near shops and public transport. Good value for money for Sydney.,9.0,2026-09-28T23:31:13+10:00,en,synthetic,true
SYNTH-venus-potts-point-sydney-00241,venus-potts-point-sydney,Disappointing,Came for a concert nearby. The bathroom was dirty and there was hair in the shower. The receptionist was rude and dismissive.,2.5,2026-09-29T03:34:41+10:00,en,synthetic,true
SYNTH-chateau-de-venus-00265,chateau-de-venus,Would not return,The receptionist was rude and dismissive. Good wifi and a nice rooftop area.,4.5,2026-09-29T03:49:18+10:00,en,synthetic,true
SYNTH-chateau-de-venus-00268,chateau-de-venus,Would stay again,Stayed one night before a flight. The kitchen and laundry facilities were handy. The room was spotless and the bathroom was very clean.,9.5,2026-09-29T04:10:38+10:00,en,synthetic,true
SYNTH-venus-potts-point-sydney-00247,venus-potts-point-sydney,Very comfortable,Came for a concert nearby. Convenient location near shops and public transport. Housekeeping kept everything clean and tidy.,8.0,2026-09-29T15:54:57+10:00,en,synthetic,true
SYNTH-venus-potts-point-sydney-00244,venus-potts-point-sydney,Lovely hotel,Booked for a weekend in the city. Convenient location near shops and public transport. Check-in was quick and easy. The gym and lift worked well.,10.0,2026-09-30T04:44:13+10:00,en,synthetic,true
SYNTH-olympic-paddington-00237,olympic-paddington,Very comfortable,Came for a concert nearby. The room was spotless and the bathroom was very clean. Convenient location near shops and public transport. Early check-in was arranged without fuss.,9.5,2026-09-30T08:50:04+10:00,en,synthetic,true
SYNTH-venus-surry-hills-00252,venus-surry-hills,Okay stay,Fresh sheets and a really clean shower. The air conditioning did not work.,5.5,2026-09-30T16:49:37+10:00,en,synthetic,true
SYNTH-chateau-de-venus-00266,chateau-de-venus,Fine for a night,We stayed two nights for a work trip. The gym and lift worked well.,6.0,2026-09-30T21:01:51+10:00,en,synthetic,true
SYNTH-olympic-paddington-00238,olympic-paddington,Poor experience,Found dust under the bed and stained towels. The room was quiet and we slept well.,5.0,2026-10-01T10:35:48+10:00,en,synthetic,true
SYNTH-venus-potts-point-sydney-00250,venus-potts-point-sydney,,The room was quiet and we slept well.,10.0,2026-10-01T15:27:42+10:00,en,synthetic,true
SYNTH-venus-potts-point-sydney-00251,venus-potts-point-sydney,Lovely hotel,Stayed one night before a flight. Fresh sheets and a really clean shower.,9.0,2026-10-01T17:07:25+10:00,en,synthetic,true
SYNTH-venus-potts-point-sydney-00245,venus-potts-point-sydney,Would stay again,Walking distance to restaurants and the harbour. Good value for money for Sydney.,8.0,2026-10-01T22:27:47+10:00,en,synthetic,true
SYNTH-venus-potts-point-sydney-00249,venus-potts-point-sydney,Not as expected,"Booked for a weekend in the city. The night manager was unfriendly and ignored our request. Not worth the money, far too expensive.",4.0,2026-10-02T02:06:34+10:00,en,synthetic,true
SYNTH-chateau-de-venus-00264,chateau-de-venus,Great stay,Stayed one night before a flight. The gym and lift worked well.,9.5,2026-10-02T02:43:48+10:00,en,synthetic,true
SYNTH-olympic-paddington-00236,olympic-paddington,Would stay again,Very peaceful at night despite the central location.,,2026-10-02T06:42:29+10:00,en,synthetic,true
SYNTH-chateau-de-venus-00262,chateau-de-venus,Disappointing,"Check-in took over 40 minutes because of a long queue. Staff went out of their way to help us. Great location, close to the train station and cafes.",3.5,2026-10-02T07:09:28+10:00,en,synthetic,true
SYNTH-venus-potts-point-sydney-00240,venus-potts-point-sydney,Mixed experience,"Great location, close to the train station and cafes. The bathroom was dirty and there was hair in the shower.",7.0,2026-10-02T08:07:09+10:00,en,synthetic,true
SYNTH-venus-potts-point-sydney-00242,venus-potts-point-sydney,Would stay again,We stayed two nights for a work trip. Reasonable price for what you get.,9.0,2026-10-02T14:37:14+10:00,en,synthetic,true
SYNTH-venus-surry-hills-00255,venus-surry-hills,Okay stay,We stayed two nights for a work trip. Housekeeping kept everything clean and tidy. Location was further from the station than expected. The room was modern and well maintained.,7.5,2026-10-02T17:06:51+10:00,en,synthetic,true
SYNTH-venus-potts-point-sydney-00248,venus-potts-point-sydney,Lovely hotel,Stayed one night before a flight. The gym and lift worked well. The room was modern and well maintained. Good value for money for Sydney.,,2026-10-02T22:22:39+10:00,en,synthetic,true
SYNTH-olympic-paddington-00239,olympic-paddington,Would not return,Booked for a weekend in the city. The air conditioning did not work. The carpet was filthy and the room smelled of mould.,,2026-10-03T05:12:00+10:00,en,synthetic,true
SYNTH-chateau-de-venus-00259,chateau-de-venus,Great stay,Came for a concert nearby. Staff went out of their way to help us. Walking distance to restaurants and the harbour.,8.5,2026-10-03T11:59:27+10:00,en,synthetic,true
SYNTH-chateau-de-venus-00263,chateau-de-venus,Would stay again,Good value for money for Sydney. Fresh sheets and a really clean shower.,9.5,2026-10-03T12:57:55+10:00,en,synthetic,true
SYNTH-olympic-paddington-00235,olympic-paddington,Would not return,Overpriced for what you get.,4.0,2026-10-03T13:52:50+10:00,en,synthetic,true
SYNTH-olympic-paddington-00233,olympic-paddington,Would stay again,"The receptionist was friendly and helpful. Great location, close to the train station and cafes.",4.0,2026-10-03T16:36:50+10:00,en,synthetic,true
SYNTH-venus-potts-point-sydney-00243,venus-potts-point-sydney,Not as expected,"The night manager was unfriendly and ignored our request. Check-in was quick and easy. Peeling paint, a leaking tap and a worn out mattress.",3.5,2026-10-03T16:57:39+10:00,en,synthetic,true
SYNTH-olympic-paddington-00231,olympic-paddington,,Check-in took over 40 minutes because of a long queue. Staff were unhelpful when we reported a problem. Very noisy at night with traffic and music from the street.,5.0,2026-10-03T19:32:58+10:00,en,synthetic,true
SYNTH-venus-surry-hills-00257,venus-surry-hills,Poor experience,Stayed one night before a flight. Very noisy at night with traffic and music from the street. Walking distance to restaurants and the harbour.,2.5,2026-10-04T07:47:44+11:00,en,synthetic,true
SYNTH-olympic-paddington-00232,olympic-paddington,Lovely hotel,Early check-in was arranged without fuss. Fresh sheets and a really clean shower.,8.5,2026-10-04T08:21:21+11:00,en,synthetic,true
SYNTH-olympic-paddington-00234,olympic-paddington,Poor experience,We stayed two nights for a work trip. No parking available and the laundry machines were broken.,3.5,2026-10-04T16:27:17+11:00,en,synthetic,true
SYNTH-venus-surry-hills-00253,venus-surry-hills,Fine for a night,Stayed one night before a flight. Convenient location near shops and public transport.,5.5,2026-10-04T16:39:15+11:00,en,synthetic,true
SYNTH-venus-potts-point-sydney-00246,venus-potts-point-sydney,Would stay again,Comfortable bed and a recently renovated room.,9.0,2026-10-04T21:14:00+11:00,en,synthetic,true
SYNTH-chateau-de-venus-00261,chateau-de-venus,Would stay again,Booked for a weekend in the city. The receptionist was friendly and helpful.,9.0,2026-10-04T23:47:10+11:00,en,synthetic,true
SYNTH-chateau-de-venus-00293,chateau-de-venus,Very comfortable,"Lovely front desk team, very welcoming. The room was modern and well maintained.",9.0,2026-10-05T00:53:53+11:00,en,synthetic,true
SYNTH-olympic-paddington-00271,olympic-paddington,Very comfortable,"Staff went out of their way to help us. Smooth check in, keys were ready when we arrived.",9.0,2026-10-05T22:11:06+11:00,en,synthetic,true
SYNTH-chateau-de-venus-00291,chateau-de-venus,Lovely hotel,We stayed two nights for a work trip. The gym and lift worked well.,10.0,2026-10-06T06:41:27+11:00,en,synthetic,true
SYNTH-venus-potts-point-sydney-00279,venus-potts-point-sydney,,Came for a concert nearby. The gym and lift worked well. Convenient location near shops and public transport. Staff went out of their way to help us.,10.0,2026-10-06T10:05:56+11:00,en,synthetic,true
SYNTH-venus-surry-hills-00287,venus-surry-hills,Lovely hotel,"Booked for a weekend in the city. Smooth check in, keys were ready when we arrived. Good wifi and a nice rooftop area. Convenient location near shops and public transport.",9.5,2026-10-06T13:55:03+11:00,en,synthetic,true
SYNTH-venus-surry-hills-00284,venus-surry-hills,Average,Very peaceful at night despite the central location.,6.0,2026-10-06T15:31:11+11:00,en,synthetic,true
SYNTH-venus-surry-hills-00283,venus-surry-hills,Lovely hotel,We stayed two nights for a work trip. Walking distance to restaurants and the harbour.,9.5,2026-10-07T01:41:15+11:00,en,synthetic,true
SYNTH-olympic-paddington-00274,olympic-paddington,Lovely hotel,We stayed two nights for a work trip. Fresh sheets and a really clean shower.,9.0,2026-10-07T02:56:24+11:00,en,synthetic,true
SYNTH-venus-surry-hills-00286,venus-surry-hills,Mixed experience,Booked for a weekend in the city. Housekeeping kept everything clean and tidy. Late check-in instructions were confusing and the key code did not work.,7.0,2026-10-07T12:42:39+11:00,en,synthetic,true
SYNTH-olympic-paddington-00269,olympic-paddington,Would stay again,We stayed two nights for a work trip. The gym and lift worked well. Fresh sheets and a really clean shower. Very peaceful at night despite the central location.,8.5,2026-10-07T16:46:47+11:00,en,synthetic,true
SYNTH-venus-potts-point-sydney-00276,venus-potts-point-sydney,Great stay,Reasonable price for what you get.,,2026-10-07T22:44:31+11:00,en,synthetic,true
SYNTH-olympic-paddington-00273,olympic-paddington,Disappointing,The air conditioning did not work.,4.5,2026-10-08T03:31:32+11:00,en,synthetic,true
SYNTH-venus-potts-point-sydney-00277,venus-potts-point-sydney,Lovely hotel,"Came for a concert nearby. Lovely front desk team, very welcoming. Good value for money for Sydney. Good wifi and a nice rooftop area.",9.0,2026-10-08T06:25:22+11:00,en,synthetic,true
SYNTH-chateau-de-venus-00294,chateau-de-venus,Lovely hotel,Early check-in was arranged without fuss. Fresh sheets and a really clean shower.,9.5,2026-10-08T07:36:31+11:00,en,synthetic,true
SYNTH-olympic-paddington-00270,olympic-paddington,Okay stay,We stayed two nights for a work trip. Housekeeping kept everything clean and tidy. Late check-in instructions were confusing and the key code did not work. Very peaceful at night despite the central location.,,2026-10-08T11:00:59+11:00,en,synthetic,true
SYNTH-chateau-de-venus-00289,chateau-de-venus,,The kitchen and laundry facilities were handy. The room was quiet and we slept well. Early check-in was arranged without fuss.,9.5,2026-10-08T12:20:42+11:00,en,synthetic,true
SYNTH-olympic-paddington-00272,olympic-paddington,Great stay,The gym and lift worked well. Very peaceful at night despite the central location.,9.0,2026-10-08T12:38:56+11:00,en,synthetic,true
SYNTH-venus-surry-hills-00285,venus-surry-hills,Mixed experience,"Smooth check in, keys were ready when we arrived. The room was tired and outdated, with a broken lamp.",6.5,2026-10-08T14:50:29+11:00,en,synthetic,true
SYNTH-venus-potts-point-sydney-00275,venus-potts-point-sydney,Would stay again,Fresh sheets and a really clean shower. Comfortable bed and a recently renovated room.,9.5,2026-10-08T16:35:04+11:00,en,synthetic,true
SYNTH-venus-surry-hills-00288,venus-surry-hills,Lovely hotel,The room was quiet and we slept well. The kitchen and laundry facilities were handy.,8.5,2026-10-08T21:46:18+11:00,en,synthetic,true
SYNTH-chateau-de-venus-00290,chateau-de-venus,Very comfortable,The room was modern and well maintained.,9.0,2026-10-08T22:53:55+11:00,en,synthetic,true
SYNTH-venus-potts-point-sydney-00282,venus-potts-point-sydney,Would not return,Came for a concert nearby. No parking available and the laundry machines were broken.,2.0,2026-10-09T02:55:43+11:00,en,synthetic,true
SYNTH-venus-potts-point-sydney-00280,venus-potts-point-sydney,,Booked for a weekend in the city. The bathroom was dirty and there was hair in the shower.,5.0,2026-10-09T04:28:03+11:00,en,synthetic,true
SYNTH-chateau-de-venus-00292,chateau-de-venus,Would stay again,Stayed one night before a flight. The kitchen and laundry facilities were handy. Walking distance to restaurants and the harbour. Staff went out of their way to help us.,,2026-10-09T06:26:11+11:00,en,synthetic,true
SYNTH-venus-potts-point-sydney-00281,venus-potts-point-sydney,Mixed experience,The room was modern and well maintained.,6.0,2026-10-09T07:13:27+11:00,en,synthetic,true
SYNTH-venus-potts-point-sydney-00278,venus-potts-point-sydney,Would stay again,"Came for a concert nearby. Lovely front desk team, very welcoming. Very peaceful at night despite the central location. Early check-in was arranged without fuss.",9.0,2026-10-09T07:19:28+11:00,en,synthetic,true
SYNTH-chateau-de-venus-00114,chateau-de-venus,Lovely hotel,Comfortable bed and a recently renovated room.,8.5,2026-09-02T22:14:47+10:00,en,synthetic,true
SYNTH-chateau-de-venus-00076,chateau-de-venus,Lovely hotel,Housekeeping kept everything clean and tidy. Reasonable price for what you get. The gym and lift worked well.,,2026-08-29T04:07:03+10:00,en,synthetic,true
SYNTH-chateau-de-venus-00145,chateau-de-venus,Very comfortable,The room was spotless and the bathroom was very clean. Comfortable bed and a recently renovated room. Good value for money for Sydney.,,2026-09-13T22:22:27+10:00,en,synthetic,true
SYNTH-olympic-paddington-00042,olympic-paddington,Very comfortable,The receptionist was friendly and helpful.,9.0,2026-08-27T10:27:28+10:00,en,synthetic,true
SYNTH-venus-surry-hills-00256,venus-surry-hills,Disappointing,Late check-in instructions were confusing and the key code did not work. The room was quiet and we slept well. The room was tiny and the furniture was damaged.,2.0,2026-09-28T22:54:43+10:00,en,synthetic,true
